image_id,caption_id,cap,extended_cap
1119015538_e8e796281e.jpg,416106657_cab2a107a5.jpg#2,A white dog runs in the grass .,"A white dog runs in the grass, energetic, playful, domestic animal, sunny, outdoors, greenery."
3540416981_4e74f08cbb.jpg,416106657_cab2a107a5.jpg#2,A white dog runs in the grass .,"A white dog runs in the grass, energetic, playful, domestic animal, sunny, outdoors, greenery."
3613800013_5a54968ab0.jpg,416106657_cab2a107a5.jpg#2,A white dog runs in the grass .,"A white dog runs in the grass, energetic, playful, domestic animal, sunny, outdoors, greenery."
512101751_05a6d93e19.jpg,416106657_cab2a107a5.jpg#2,A white dog runs in the grass .,"A white dog runs in the grass, energetic, playful, domestic animal, sunny, outdoors, greenery."
1131932671_c8d17751b3.jpg,1131932671_c8d17751b3.jpg#2,A boy jumps from one bed to another .,"A boy jumps from one bed to another, youth, playful, energetic, bedroom, mattresses, fun, acrobatic."
115684808_cb01227802.jpg,115684808_cb01227802.jpg#2,Three people and a sled .,"Three people and a sled, winter, snow, chilly, team work, fun, sledding."
1174629344_a2e1a2bdbf.jpg,1174629344_a2e1a2bdbf.jpg#2,A group of people walking a city street in warm weather .,"A group of people walking a city street in warm weather, pedestrians, urban scene, bustling, summer day, sunshine, sidewalk cafes, colorful buildings."
1322323208_c7ecb742c6.jpg,1322323208_c7ecb742c6.jpg#2,"Two children , one of which is holding a stick , are standing on the beach as the sun begins to set .","Two children , one of which is holding a stick , are standing on the beach as the sun begins to set"
1402640441_81978e32a9.jpg,2844641033_dab3715a99.jpg#2,A boy plays in the sand .,"A boy plays in the sand, beach, smiling, sun, waves, sandcastle, shovel, pail, sunglasses."
1425069308_488e5fcf9d.jpg,1425069308_488e5fcf9d.jpg#2,A white dog jumps to catch a blue ball in a living room .,"A white dog jumps to catch a blue ball in a living room, playful, energetic, furry, pet, domestic, carpeted floor."
1433142189_cda8652603.jpg,3745451546_fc8ec70cbd.jpg#2,A person is hiking to the top of a hill .,"A person is hiking to the top of a hill, trekking, outdoor activity, nature walk, mountain climbing, ascending, exercise, breathtaking view."
143688283_a96ded20f1.jpg,3320356356_1497e53f80.jpg#2,A man scales a rock in the forest .,"A man scales a rock in the forest, rock-climbing, adventurer, wilderness, outdoor, nature, trees, mountains, peak, challenge, thrill."
2343525685_3eba3b6686.jpg,3320356356_1497e53f80.jpg#2,A man scales a rock in the forest .,"A man scales a rock in the forest, rock-climbing, adventurer, wilderness, outdoor, nature, trees, mountains, peak, challenge, thrill."
1446053356_a924b4893f.jpg,1446053356_a924b4893f.jpg#2,Two girls in soccer strips are playing on a sports field .,"Two girls in soccer strips are playing on a sports field, kicking a ball, teamwork, competition, athleticism, exercise, green grass, goal posts."
1467533293_a2656cc000.jpg,1467533293_a2656cc000.jpg#2,"Two little girls , both dressed in pink , play on the jungle gym .","Two little girls , both dressed in pink , play on the jungle gym"
1472230829_803818a383.jpg,1472230829_803818a383.jpg#2,Rafting boat on river .,"Rafting boat on river, adrenaline, white water, adventure, paddles, team-building, outdoors, rapids, helmets, life jackets."
150387174_24825cf871.jpg,150387174_24825cf871.jpg#2,A man is riding a dirt bike over some rocks .,A man is riding a dirt bike over some rocks
3609032038_005c789f64.jpg,150387174_24825cf871.jpg#2,A man is riding a dirt bike over some rocks .,A man is riding a dirt bike over some rocks
150387174_24825cf871.jpg,3609032038_005c789f64.jpg#2,A motocross bike is being ridden over rocks .,"A motocross bike is being ridden over rocks, dirt, extreme sport, adrenaline, bumpy terrain, rugged, off-road, adventure."
1517721825_10176d0683.jpg,1517721825_10176d0683.jpg#2,Three dogs running through water .,"Three dogs running through water, canines, playful, joyful, splashing, wet fur, river, outdoors, summertime."
1523984678_edd68464da.jpg,1119015538_e8e796281e.jpg#2,A small dogs ears stick up as it runs in the grass .,A small dogs ears stick up as it runs in the grass
1764955991_5e53a28c87.jpg,1764955991_5e53a28c87.jpg#2,A dog with a ball in his mouth running down a road covered in leaves .,A dog with a ball in his mouth running down a road covered in leaves
1772859261_236c09b861.jpg,1772859261_236c09b861.jpg#2,A dog splashes through the water .,"A dog splashes through the water, soaked, wet, playful, Labrador, shoreline, beach."
2541104331_a2d65cfa54.jpg,1772859261_236c09b861.jpg#2,A dog splashes through the water .,"A dog splashes through the water, soaked, wet, playful, Labrador, shoreline, beach."
2938747424_64e64784f0.jpg,1772859261_236c09b861.jpg#2,A dog splashes through the water .,"A dog splashes through the water, soaked, wet, playful, Labrador, shoreline, beach."
3498327617_d2e3db3ee3.jpg,1772859261_236c09b861.jpg#2,A dog splashes through the water .,"A dog splashes through the water, soaked, wet, playful, Labrador, shoreline, beach."
1772859261_236c09b861.jpg,3461041826_0e24cdf597.jpg#2,A black and white dog is splashing in a stream .,"A black and white dog is splashing in a stream, playful, wet, happy, cheerful, furry, energetic, outdoors."
180094434_b0f244832d.jpg,180094434_b0f244832d.jpg#2,Three boys play around a fountain in an office building courtyard .,"Three boys play around a fountain in an office building courtyard, water-splashing, energetic, joyful, playful, urban, outdoor."
189721896_1ffe76d89e.jpg,466956209_2ffcea3941.jpg#2,person rock climbing,person rock climbing
309687244_4bdf3b591f.jpg,466956209_2ffcea3941.jpg#2,person rock climbing,person rock climbing
3502343542_f9b46688e5.jpg,466956209_2ffcea3941.jpg#2,person rock climbing,person rock climbing
466956209_2ffcea3941.jpg,466956209_2ffcea3941.jpg#2,person rock climbing,person rock climbing
189721896_1ffe76d89e.jpg,997722733_0cb5439472.jpg#2,A person in a red shirt climbing up a rock face covered in assist handles .,"A person in a red shirt climbing up a rock face covered in assist handles, rock-climbing, adventurer, risky, adrenaline, mountain, daring, challenging, outdoor, nature."
191003285_edd8d0cf58.jpg,191003285_edd8d0cf58.jpg#2,A man and young girl eat a meal on a city street .,"A man and young girl eat a meal on a city street, al fresco dining, urban, sidewalk cafe, street food, people-watching, delicious cuisine."
197107117_4b438b1872.jpg,197107117_4b438b1872.jpg#2,A rock climber climbs in between two very large rocks .,"A rock climber climbs in between two very large rocks, challenging, adrenaline, extreme, adventure, outdoors, nature, mountain, ascent, equipment, safety gear."
2021613437_d99731f986.jpg,2021613437_d99731f986.jpg#2,A boy wearing a Steve Nash shirt dribbles a basketball on an indoor court .,A boy wearing a Steve Nash shirt dribbles a basketball on an indoor court
2021613437_d99731f986.jpg,2271755053_e1b1ec8442.jpg#2,The boy is playing basketball .,"The boy is playing basketball, dribbling, shooting, scoring, athletic, hoop, court, sneakers."
2271755053_e1b1ec8442.jpg,2271755053_e1b1ec8442.jpg#2,The boy is playing basketball .,"The boy is playing basketball, dribbling, shooting, scoring, athletic, hoop, court, sneakers."
2077079696_03380d218b.jpg,2077079696_03380d218b.jpg#2,A man is hiking on a mountaintop on a cloudy day .,"A man is hiking on a mountaintop on a cloudy day, backpacker, mountaineer, scenic, misty, foggy, adventure, exploration, altitude."
2083434441_a93bc6306b.jpg,2083434441_a93bc6306b.jpg#2,An older woman with blond hair rides a bicycle down the street .,An older woman with blond hair rides a bicycle down the street
2084217208_7bd9bc85e5.jpg,2084217208_7bd9bc85e5.jpg#2,A woman riding a bike in a park,"A woman riding a bike in a park, cycling, exercise, recreation, outdoors, nature, greenery, leisure."
2086513494_dbbcb583e7.jpg,3506560025_8d0f4f9ac4.jpg#2,A woman holding a camera .,"A woman holding a camera, photographer, hobbyist, lens, snapshot, memory, shutter, technology, digital."
2103568100_5d018c495b.jpg,3610683688_bbe6d725ed.jpg#2,A dog wading into the water,"A dog wading into the water, swimming, wet, paws, fur, playful, summer."
2140182410_8e2a06fbda.jpg,2140182410_8e2a06fbda.jpg#2,The kid is on a float in the snow .,"The kid is on a float in the snow, enjoying, sled, winter, cold, snowflakes, outdoor activities, recreation."
2167644298_100ca79f54.jpg,2167644298_100ca79f54.jpg#2,A man wearing all black and a black hat is smiling .,"A man wearing all black and a black hat is smiling, happy, fashionable, stylish, urban, mysterious."
2307118114_c258e3a47e.jpg,2167644298_100ca79f54.jpg#2,A man wearing all black and a black hat is smiling .,"A man wearing all black and a black hat is smiling, happy, fashionable, stylish, urban, mysterious."
2183227136_8bb657846b.jpg,2183227136_8bb657846b.jpg#2,A person on the beach beside the ocean at sunset .,"A person on the beach beside the ocean at sunset, serene, peaceful, sand, waves, orange sky, horizon, water."
219070971_ae43410b9e.jpg,219070971_ae43410b9e.jpg#2,A man in red pushes his motocross bike up a rock .,"A man in red pushes his motocross bike up a rock, extreme sports, adrenaline rush, rugged terrain, dirt, adventure, outdoors, athlete."
2194494220_bb2178832c.jpg,3397220683_4aca010f86.jpg#2,A person is standing on skis in the snow with a dog .,"A person is standing on skis in the snow with a dog, skiing, winter sports, pet-friendly, furry companion, snow-clad, frozen landscape."
2196846255_2c1635359a.jpg,2196846255_2c1635359a.jpg#2,A wrinkled dog wading in shallow water .,"A wrinkled dog wading in shallow water, wet fur, sandy beach, canine, playful, summer, refreshing, paws splashing."
2256133102_e2c8314ecb.jpg,2256133102_e2c8314ecb.jpg#2,An individual rappelling down a cliff towards the water,An individual rappelling down a cliff towards the water
2256133102_e2c8314ecb.jpg,461505235_590102a5bf.jpg#2,A person descends a rope from a cliff into the ocean .,"A person descends a rope from a cliff into the ocean, abseiling, adventure, adrenaline, thrill, water, waves, rocks."
229862312_1a0ba19dab.jpg,229862312_1a0ba19dab.jpg#2,A dog rolling in the grass .,"A dog rolling in the grass, playful, happy, carefree, furry, greenery, enjoying the outdoors."
2953015871_cae796b6e7.jpg,229862312_1a0ba19dab.jpg#2,A dog rolling in the grass .,"A dog rolling in the grass, playful, happy, carefree, furry, greenery, enjoying the outdoors."
348380010_33bb0599ef.jpg,229862312_1a0ba19dab.jpg#2,A dog rolling in the grass .,"A dog rolling in the grass, playful, happy, carefree, furry, greenery, enjoying the outdoors."
2333288869_8c01e4c859.jpg,2843695880_eeea6c67db.jpg#2,Two people in water .,"Two people in water, swimming, splashing, refreshing, summer, fun, ocean, lake, beach."
2340206885_58754a799a.jpg,2340206885_58754a799a.jpg#2,Three dogs in the snow .,"Three dogs in the snow, cold, snowy, wintery, furry, playful, happy, domesticated, pets, animals, canines."
2358561039_e215a8d6cd.jpg,1287073593_f3d2a62455.jpg#2,Dogs pulling a sled in a sled race .,"Dogs pulling a sled in a sled race, mushing, snowy, team effort, competitive, Alaskan huskies, winter sport, snowy wilderness."
2373234213_4ebe9c4ee5.jpg,2373234213_4ebe9c4ee5.jpg#2,One boy jumps over another boy on a trampoline .,"One boy jumps over another boy on a trampoline, energetic, acrobatic, playful, bouncing, fun, activity, backyard."
2396025708_e4a72e2558.jpg,3071676551_a65741e372.jpg#2,A surfer is riding a wave .,"A surfer is riding a wave, ocean, surfboard, beach, water, adrenaline, wet suit."
2984174290_a915748d77.jpg,3071676551_a65741e372.jpg#2,A surfer is riding a wave .,"A surfer is riding a wave, ocean, surfboard, beach, water, adrenaline, wet suit."
3064383768_f6838f57da.jpg,3071676551_a65741e372.jpg#2,A surfer is riding a wave .,"A surfer is riding a wave, ocean, surfboard, beach, water, adrenaline, wet suit."
3071676551_a65741e372.jpg,3071676551_a65741e372.jpg#2,A surfer is riding a wave .,"A surfer is riding a wave, ocean, surfboard, beach, water, adrenaline, wet suit."
3162045919_c2decbb69b.jpg,3071676551_a65741e372.jpg#2,A surfer is riding a wave .,"A surfer is riding a wave, ocean, surfboard, beach, water, adrenaline, wet suit."
3631986552_944ea208fc.jpg,3071676551_a65741e372.jpg#2,A surfer is riding a wave .,"A surfer is riding a wave, ocean, surfboard, beach, water, adrenaline, wet suit."
2396025708_e4a72e2558.jpg,3413571342_b9855795e2.jpg#2,A surfer rides a wave in a clear blue ocean .,"A surfer rides a wave in a clear blue ocean, surfing, oceanic, aquatic, splashes, board, sun, horizon, thrill-seeking."
2901880865_3fd7b66a45.jpg,3413571342_b9855795e2.jpg#2,A surfer rides a wave in a clear blue ocean .,"A surfer rides a wave in a clear blue ocean, surfing, oceanic, aquatic, splashes, board, sun, horizon, thrill-seeking."
3071676551_a65741e372.jpg,3413571342_b9855795e2.jpg#2,A surfer rides a wave in a clear blue ocean .,"A surfer rides a wave in a clear blue ocean, surfing, oceanic, aquatic, splashes, board, sun, horizon, thrill-seeking."
3085667767_66041b202e.jpg,3413571342_b9855795e2.jpg#2,A surfer rides a wave in a clear blue ocean .,"A surfer rides a wave in a clear blue ocean, surfing, oceanic, aquatic, splashes, board, sun, horizon, thrill-seeking."
3413571342_b9855795e2.jpg,3413571342_b9855795e2.jpg#2,A surfer rides a wave in a clear blue ocean .,"A surfer rides a wave in a clear blue ocean, surfing, oceanic, aquatic, splashes, board, sun, horizon, thrill-seeking."
241345905_5826a72da1.jpg,241345905_5826a72da1.jpg#2,An injured football player is being nursed on the field in the middle of a game .,"An injured football player is being nursed on the field in the middle of a game, sport, athletic, team, medical attention, field of play, competitive, physical activity."
241346508_0b3907a95b.jpg,2526041608_a9775ab8d7.jpg#2,The young football player is trying to avoid being tackled .,"The young football player is trying to avoid being tackled, agile, athletic, sportsman, competitive, game, field, helmet."
241347204_007d83e252.jpg,241347204_007d83e252.jpg#2,Football players gathering to contest something to collaborating officials .,"Football players gathering to contest something to collaborating officials, sportsmanship, dispute, disagreement, field, grass, stadium, referees, umpires, negotiation, communication, teamwork."
2450453051_f1d4a78ab4.jpg,1626754053_81126b67b6.jpg#2,A black and white dog prepares to catch a Frisbee .,"A black and white dog prepares to catch a Frisbee, energetic, athletic, playful, enthusiastic, obedient, active, trained, furry."
2458269558_277012780d.jpg,2192131110_8a40e7c028.jpg#2,kid swinging on a swing,kid swinging on a swing
2458269558_277012780d.jpg,2458269558_277012780d.jpg#2,A child is smiling while being on a swing .,"A child is smiling while being on a swing, playground, happy, joyful, recreational, outdoor, fun, swinging back and forth."
2461616306_3ee7ac1b4b.jpg,2461616306_3ee7ac1b4b.jpg#2,a boy jumps into the blue pool water .,a boy jumps into the blue pool water
2473738924_eca928d12f.jpg,2473738924_eca928d12f.jpg#2,Two little girls practice martial arts .,"Two little girls practice martial arts, kickboxing, sparring, self-defense, martial artists, focus, discipline, determination."
2473791980_805c819bd4.jpg,2473791980_805c819bd4.jpg#2,A man is sky surfing on the water .,"A man is sky surfing on the water, extreme sports, adventure, thrill-seeking, blue sky, waves, surfboard, surfer."
249394748_2e4acfbbb5.jpg,387830531_e89c192b92.jpg#2,Two dogs are playing together outside .,"Two dogs are playing together outside, frolicking, running, happy, energetic, pets, outdoors, grassy."
2496370758_a3fbc49837.jpg,327415627_6313d32a64.jpg#2,Two dogs run through a field .,"Two dogs run through a field, joyful, sprinting, grassy, playful, energetic, canines."
2600867924_cd502fc911.jpg,327415627_6313d32a64.jpg#2,Two dogs run through a field .,"Two dogs run through a field, joyful, sprinting, grassy, playful, energetic, canines."
2890113532_ab2003d74e.jpg,327415627_6313d32a64.jpg#2,Two dogs run through a field .,"Two dogs run through a field, joyful, sprinting, grassy, playful, energetic, canines."
2518508760_68d8df7365.jpg,2518508760_68d8df7365.jpg#2,A greyhound wearing a muzzle and the number six on a yellow jacket is running on a dog track .,A greyhound wearing a muzzle and the number six on a yellow jacket is running on a dog track
2968182121_b3b491df85.jpg,2518508760_68d8df7365.jpg#2,A greyhound wearing a muzzle and the number six on a yellow jacket is running on a dog track .,A greyhound wearing a muzzle and the number six on a yellow jacket is running on a dog track
2543589122_ec3e55f434.jpg,2543589122_ec3e55f434.jpg#2,a dog is making a splash in a blue paddling pool .,a dog is making a splash in a blue paddling pool
2544182005_3aa1332bf9.jpg,2544182005_3aa1332bf9.jpg#2,A young child is riding a purple bike .,"A young child is riding a purple bike, balancing, pedaling, cycling, wheels, handlebars, outdoors, helmet, pavement."
2549968784_39bfbe44f9.jpg,2549968784_39bfbe44f9.jpg#2,A young child is wearing blue goggles and sitting in a float in a pool .,"A young child is wearing blue goggles and sitting in a float in a pool, swimming, splashing, summer, fun, inflatable, water safety, aqua."
2594042571_2e4666507e.jpg,2594042571_2e4666507e.jpg#2,"A smiling boy in an orange shirt with a safari hat sits at the playground , while a boy in a blue shirt looks on .","A smiling boy in an orange shirt with a safari hat sits at the playground , while a boy in a blue shirt looks on"
2602085456_d1beebcb29.jpg,2602085456_d1beebcb29.jpg#2,A topless woman is covered in mud .,"A topless woman is covered in mud, dirty, playful, free-spirited, primitive, barefoot, outdoor, messy, earthy."
2610447973_89227ff978.jpg,2610447973_89227ff978.jpg#2,Two people are sitting next to a wood-stacked campfire at night .,"Two people are sitting next to a wood-stacked campfire at night, warming themselves, cozy, outdoor, wilderness, flames, logs, stars, camping."
2646046871_c3a5dbb971.jpg,2646046871_c3a5dbb971.jpg#2,A child in Hawaiian clothing jumps and poses in a low cut yard nearby a fence and building .,"A child in Hawaiian clothing jumps and poses in a low cut yard nearby a fence and building, tropical, island, palm trees, grass skirt, lei, colorful, sunny, energetic."
2677656448_6b7e7702af.jpg,2677656448_6b7e7702af.jpg#2,A dog swims in a pool near a person .,"A dog swims in a pool near a person, wet, playful, summer, swimming, blue water, leisure, pet, recreation."
2696866120_254a0345bc.jpg,2696866120_254a0345bc.jpg#2,A dog rolls on the ground .,"A dog rolls on the ground, playful, adorable, furry, four-legged, pet, joyful, outdoor."
270816949_ffad112278.jpg,270816949_ffad112278.jpg#2,A person riding a horse with a mountain range in the far background .,"A person riding a horse with a mountain range in the far background, equestrian, horseback riding, adventure, outdoors, nature, scenic view, majestic peaks."
2718495608_d8533e3ac5.jpg,2718495608_d8533e3ac5.jpg#2,A girl wearing a yellow shirt and sunglasses smiles .,"A girl wearing a yellow shirt and sunglasses smiles, happy, summertime, fashion, stylish, sunny, outdoors."
2759860913_f75b39d783.jpg,2759860913_f75b39d783.jpg#2,A man on top of a high mountain,"A man on top of a high mountain, mountaineer, achievement, altitude, panoramic view, snowy summit, rocky terrain."
3211556865_d1d9becf69.jpg,2759860913_f75b39d783.jpg#2,A man on top of a high mountain,"A man on top of a high mountain, mountaineer, achievement, altitude, panoramic view, snowy summit, rocky terrain."
541063517_35044c554a.jpg,2759860913_f75b39d783.jpg#2,A man on top of a high mountain,"A man on top of a high mountain, mountaineer, achievement, altitude, panoramic view, snowy summit, rocky terrain."
2763044275_aa498eb88b.jpg,2763044275_aa498eb88b.jpg#2,Five black dogs running across the grass .,"Five black dogs running across the grass, energetic, playful, agile, furry, pets, outdoors, park."
2813992915_f732cf8539.jpg,2764178773_d63b502812.jpg#2,A man is attempting a stunt with a bicycle .,"A man is attempting a stunt with a bicycle, daring, extreme, fearless, adrenaline, freestyle, tricks, bicycle flips."
2815256108_fc1302117d.jpg,2815256108_fc1302117d.jpg#2,"Two men are talking on the street ; one is pointing at a sign that says "" Jesus or Hell "" beneath a red box , and the other is standing there listening .","Two men are talking on the street ; one is pointing at a sign that says "" Jesus or Hell "" beneath a red box , and the other is standing there listening"
2831217847_555b2f95ca.jpg,2831217847_555b2f95ca.jpg#2,A blue SUV drives in a stream surrounded by woodlands .,"A blue SUV drives in a stream surrounded by woodlands, off-road, adventure, water, muddy, exploration, nature, four-wheel-drive."
2877503811_4e311253ec.jpg,2877503811_4e311253ec.jpg#2,A group of people are sitting on the porch of a brick building .,"A group of people are sitting on the porch of a brick building, chatting, relaxing, socializing, community, outdoor, architecture."
2884301336_dc8e974431.jpg,2884301336_dc8e974431.jpg#2,A dog plays with a ball in a kiddie pool .,A dog plays with a ball in a kiddie pool
2890113532_ab2003d74e.jpg,2890113532_ab2003d74e.jpg#2,Two dogs in motion in a grassy field with small trees .,Two dogs in motion in a grassy field with small trees
2900274587_f2cbca4c58.jpg,2900274587_f2cbca4c58.jpg#2,A sunset sky over rippling water .,"A sunset sky over rippling water, beautiful, colorful, serene, tranquil, reflective, calm, horizon, dusk."
2901880865_3fd7b66a45.jpg,2901880865_3fd7b66a45.jpg#2,A surfer is jumping a wave .,A surfer is jumping a wave
2984174290_a915748d77.jpg,2901880865_3fd7b66a45.jpg#2,A surfer is jumping a wave .,A surfer is jumping a wave
2901880865_3fd7b66a45.jpg,3162045919_c2decbb69b.jpg#2,A man in a wetsuit surfs .,"A man in a wetsuit surfs, riding the waves, ocean, beach, surfing board, sea spray, adrenaline."
3162045919_c2decbb69b.jpg,3162045919_c2decbb69b.jpg#2,A man in a wetsuit surfs .,"A man in a wetsuit surfs, riding the waves, ocean, beach, surfing board, sea spray, adrenaline."
2901880865_3fd7b66a45.jpg,3624327440_bef4f33f32.jpg#2,A surfer catches a nice wave in the ocean and tries to pull himself up .,"A surfer catches a nice wave in the ocean and tries to pull himself up, surfing, water, athletic, balance, adrenaline, board, blue, sea."
2924259848_effb4dcb82.jpg,2924259848_effb4dcb82.jpg#2,A man riding a motorbike kicks up dirt .,"A man riding a motorbike kicks up dirt, dirt trail, biker, helmet, speeding, adrenaline, outdoors."
2926595608_69b22be8d4.jpg,2926595608_69b22be8d4.jpg#2,Four men jumping in a basketball game,Four men jumping in a basketball game
2926595608_69b22be8d4.jpg,3053743109_a2d780c0d2.jpg#2,A group of basketball players jump in the air for the ball .,"A group of basketball players jump in the air for the ball, sports, competition, teamwork, athleticism, court, game."
2933912528_52b05f84a1.jpg,2933912528_52b05f84a1.jpg#2,Two black dogs run through sand .,"Two black dogs run through sand, sandy beach, excited, playful, furry, energetic, outdoor fun, animal companions."
293879742_5fe0ffd894.jpg,293879742_5fe0ffd894.jpg#2,A dog jumping off a fence and another dog on the grass in the background .,"A dog jumping off a fence and another dog on the grass in the background, playful, freedom, energetic, canine, outdoor, fun, foliage."
2963573792_dd51b5fbfb.jpg,2963573792_dd51b5fbfb.jpg#2,A young girl is sliding down a slide at a playground .,"A young girl is sliding down a slide at a playground, having fun, carefree, playground equipment, plastic, colorful, outdoor activity."
2968182121_b3b491df85.jpg,2968182121_b3b491df85.jpg#2,Two greyhounds race .,"Two greyhounds race, running, sprinting, competitive, speed, agility, track, excitement."
2984174290_a915748d77.jpg,3064383768_f6838f57da.jpg#2,a surfer is riding his board over a wave .,a surfer is riding his board over a wave
2985679744_75a7102aab.jpg,2985679744_75a7102aab.jpg#2,A man sitting on a subway .,"A man sitting on a subway, commuter, train, transportation, urban, cityscape, rush hour, public transit."
2994179598_a45c2732b5.jpg,2994179598_a45c2732b5.jpg#2,A Miami basketball player looks off in the distance .,"A Miami basketball player looks off in the distance, athlete, determined, focused, sporty, court, sweat, game face."
300314926_0b2e4b64f5.jpg,3641022607_e7a5455d6c.jpg#2,A man wakeboards on choppy water .,"A man wakeboards on choppy water, water sports, extreme, adrenaline, thrill-seeking, waves, spray, summer."
3030294889_78b2ccbe51.jpg,3030294889_78b2ccbe51.jpg#2,Three Orca whales jump in a pool at seaworld .,"Three Orca whales jump in a pool at seaworld, majestic, powerful, sea creatures, black and white, aquatic, marine mammals, trained, captivity, entertainment venue."
3044746136_8b89da5f40.jpg,3044746136_8b89da5f40.jpg#2,A conference is being held that involves laptops and big screen presentations .,"A conference is being held that involves laptops and big screen presentations, technology-focused, business, corporate, meeting room, projection, multimedia, digital."
3047264346_e24601bfbf.jpg,3047264346_e24601bfbf.jpg#2,A man in a werewolf mask is with a woman wearing elf ears .,"A man in a werewolf mask is with a woman wearing elf ears, Halloween, costume, pretend, fantasy, spooky, fun."
3048597471_5697538daf.jpg,3048597471_5697538daf.jpg#2,A dog wading in the water with a ball in his mouth,"A dog wading in the water with a ball in his mouth, playful, soaked fur, wet, summer, lake, fetching."
3058439373_9276a4702a.jpg,3245912109_fdeef6b456.jpg#2,Many bundled up people are standing in a public square .,"Many bundled up people are standing in a public square, winter coats, scarves, gloves, hats, chatting, bustling, urban, city life."
3245912109_fdeef6b456.jpg,3245912109_fdeef6b456.jpg#2,Many bundled up people are standing in a public square .,"Many bundled up people are standing in a public square, winter coats, scarves, gloves, hats, chatting, bustling, urban, city life."
3072172967_630e9c69d0.jpg,3072172967_630e9c69d0.jpg#2,"Four men playing basketball , two from each team .","Four men playing basketball , two from each team"
3085667767_66041b202e.jpg,3168123064_d1983b8f92.jpg#2,A surfer in all black is riding a wave .,A surfer in all black is riding a wave
3085667865_fa001816be.jpg,3085667767_66041b202e.jpg#2,A surfer is flipping up in the air on a surfboard .,A surfer is flipping up in the air on a surfboard
3085667865_fa001816be.jpg,3631986552_944ea208fc.jpg#2,A surfer in water and foam .,A surfer in water and foam
3115174046_9e96b9ce47.jpg,3115174046_9e96b9ce47.jpg#2,a skateboarder jumps a staircase .,a skateboarder jumps a staircase
3119076670_64b5340530.jpg,3119076670_64b5340530.jpg#2,Snowboarder in the air performing a stunt .,"Snowboarder in the air performing a stunt, thrilling, adrenaline-pumping, extreme, snow sports, trick, snowy mountain."
3125309108_1011486589.jpg,3262075846_5695021d84.jpg#2,A group of men are playing rugby .,"A group of men are playing rugby, intense, competitive, physical, sportsmanship, teamwork, grassy field, athletic."
3135504530_0f4130d8f8.jpg,3135504530_0f4130d8f8.jpg#2,Two girls with dark hair and white shirts .,"Two girls with dark hair and white shirts, standing, posing, smiling, friends, youthful, fashion, style, portrait, beauty."
3155451946_c0862c70cb.jpg,3222055946_45f7293bb2.jpg#2,Basketball players in action .,"Basketball players in action, dribbling, passing, shooting, athletic, competitive, fast-paced, indoor, court, teamwork."
3217620013_8b17873273.jpg,3222055946_45f7293bb2.jpg#2,Basketball players in action .,"Basketball players in action, dribbling, passing, shooting, athletic, competitive, fast-paced, indoor, court, teamwork."
3259666643_ae49524c81.jpg,3222055946_45f7293bb2.jpg#2,Basketball players in action .,"Basketball players in action, dribbling, passing, shooting, athletic, competitive, fast-paced, indoor, court, teamwork."
3155987659_b9ea318dd3.jpg,3155987659_b9ea318dd3.jpg#2,A dog jumps to catch a red Frisbee in the yard .,A dog jumps to catch a red Frisbee in the yard
317109978_cb557802e1.jpg,317109978_cb557802e1.jpg#2,A brown dog hops over a fallen tree branch .,"A brown dog hops over a fallen tree branch, agile, playful, furry, four-legged, outdoor, nature, adventure."
317383917_d8bfa350b6.jpg,317383917_d8bfa350b6.jpg#2,three black dogs and a white dog are standing in the snow .,three black dogs and a white dog are standing in the snow
3192069971_83c5a90b4c.jpg,3192069971_83c5a90b4c.jpg#2,A little boy with a blue helmet rides his bike with his feet on the handlebars .,"A little boy with a blue helmet rides his bike with his feet on the handlebars, playful, fun, fearless, biking, street, road, summer, balance, two-wheeler."
3197981073_3156963446.jpg,3197981073_3156963446.jpg#2,A woman sings into a microphone while playing guitar .,"A woman sings into a microphone while playing guitar, musical, talented, performer, stage, entertainment, chords, vocals."
3211556865_d1d9becf69.jpg,3211556865_d1d9becf69.jpg#2,A person stands at the top of a mountain and raises his arms .,"A person stands at the top of a mountain and raises his arms, triumphantly, victorious, elated, conqueror, majestic, breathtaking view, hiking."
3214885227_2be09e7cfb.jpg,3214885227_2be09e7cfb.jpg#2,A person is riding in a canoe on a lake next to green trees .,"A person is riding in a canoe on a lake next to green trees, leisurely paddling, serene, tranquil, picturesque, natural beauty, reflective surface."
3216926094_bc975e84b9.jpg,3216926094_bc975e84b9.jpg#2,A dog running with a blue toy in its mouth .,"A dog running with a blue toy in its mouth, playful, energetic, happy, canines, pets, fetch, outdoors."
3217187564_0ffd89dec1.jpg,3258874419_23fec1bdc1.jpg#2,"A greyhound runs in a race , bee striped jacket , number eight .","A greyhound runs in a race , bee striped jacket , number eight"
3218480482_66af7587c8.jpg,3218480482_66af7587c8.jpg#2,A Miami basketball player dribbles by an Arizona State player .,"A Miami basketball player dribbles by an Arizona State player, dribbling, athletic, skilled, court, competition, opponent, jersey."
3224227640_31865b3651.jpg,3224227640_31865b3651.jpg#2,A white dog and brown dog fighting .,"A white dog and brown dog fighting, aggressive, domestic animals, fur, tails, snarling, teeth-baring, pets."
3227148358_f152303584.jpg,3227148358_f152303584.jpg#2,A large white bird flying over water .,"A large white bird flying over water, graceful, elegant, wings spread, avian, serene, peaceful, ocean, lake."
3375070563_3c290a7991.jpg,3227148358_f152303584.jpg#2,A large white bird flying over water .,"A large white bird flying over water, graceful, elegant, wings spread, avian, serene, peaceful, ocean, lake."
3232470286_903a61ea16.jpg,2856080862_95d793fa9d.jpg#2,Men playing soccer in a field,"Men playing soccer in a field, intense, athletic, teamwork, competition, match, grassy, outdoor."
3234115903_f4dfc8fc75.jpg,3234115903_f4dfc8fc75.jpg#2,Two women with blue and white uniforms playing floor hockey,"Two women with blue and white uniforms playing floor hockey, athletic, competitive, sporty, teamwork, indoor, recreational."
3245460937_2710a82709.jpg,3245460937_2710a82709.jpg#2,A child jumping on a tennis court .,"A child jumping on a tennis court, energetic, playful, active, sporty, athletic, outdoor, recreational, fun."
3255482333_5bcee79f7e.jpg,3255482333_5bcee79f7e.jpg#2,a skier is throwing up snow as he skis off piste .,a skier is throwing up snow as he skis off piste
3256043809_47258e0b3e.jpg,3256043809_47258e0b3e.jpg#2,A brown & white greyhound dog sniffs the snow .,"A brown & white greyhound dog sniffs the snow, curious, attentive, canine, winter, cold, white blanket."
3259666643_ae49524c81.jpg,3259666643_ae49524c81.jpg#2,A man in a white uniform jumps while holding a basketball as another in blue blocks him .,"A man in a white uniform jumps while holding a basketball as another in blue blocks him, basketball game, sports, athletics, court, dribbling, competition, teams, players."
3259991972_fce3ab18b2.jpg,3425835357_204e620a66.jpg#2,A man is standing on his hands on a sidewalk while others watch .,"A man is standing on his hands on a sidewalk while others watch, acrobat, performer, exercise, balance, strength, entertainment."
3263395801_5e4cee2b9e.jpg,3263395801_5e4cee2b9e.jpg#2,A motocross bike is being ridden along a woodland path .,"A motocross bike is being ridden along a woodland path, dirt bike, off-road, adventure, nature trail, trees, forest."
3280052365_c4644bf0a5.jpg,1536774449_e16b1b6382.jpg#2,A crowd of people at an outdoor event,"A crowd of people at an outdoor event, bustling, festive, lively, cheerful, excited, celebration, music, food, drinks, sun, sky."
3554634863_5f6f616639.jpg,1536774449_e16b1b6382.jpg#2,A crowd of people at an outdoor event,"A crowd of people at an outdoor event, bustling, festive, lively, cheerful, excited, celebration, music, food, drinks, sun, sky."
3692892751_f6574e2700.jpg,1536774449_e16b1b6382.jpg#2,A crowd of people at an outdoor event,"A crowd of people at an outdoor event, bustling, festive, lively, cheerful, excited, celebration, music, food, drinks, sun, sky."
3294209955_a1f1e2cc19.jpg,2534502836_7a75305655.jpg#2,A small brown and white dog running through tall grass .,"A small brown and white dog running through tall grass, energetic, playful, joyous, outdoors, nature, summer, countryside, furry."
3301811927_a2797339e5.jpg,3301811927_a2797339e5.jpg#2,Hockey players with one taking a shot .,"Hockey players with one taking a shot, ice rink, fast-paced, competition, stick handling, team sport, physical contact."
3348385580_10b53391f9.jpg,3348385580_10b53391f9.jpg#2,A snowboarder in green grinds along the edge of a rail at night .,"A snowboarder in green grinds along the edge of a rail at night, snowboarding, extreme sports, athlete, snowy mountain, skillful, adventure, illuminated."
3363750526_efcedc47a9.jpg,3363750526_efcedc47a9.jpg#2,Black and white dog on wet sand .,"Black and white dog on wet sand, four-legged, furry, playful, energetic, sandy, beach."
3364026240_645d533fda.jpg,3139876823_859c7d7c23.jpg#2,A skier about to go down the mountain .,"A skier about to go down the mountain, snow, slope, winter, cold, gear, excitement, thrill, adrenaline, ski resort."
3364861247_d590fa170d.jpg,2339106348_2df90aa6a9.jpg#2,The girls were in the crowd .,"The girls were in the crowd, excited, energetic, young, vibrant, joyful, cheerful, enthusiastic."
3365783912_e12c3510d8.jpg,3365783912_e12c3510d8.jpg#2,Two men walk through a city with words on the street .,"Two men walk through a city with words on the street, urban, bustling, pavement, street art, graffiti, colorful, crowded."
3375070563_3c290a7991.jpg,3567061016_62768dcce1.jpg#2,A bird with its wings spread,"A bird with its wings spread, soaring, flying, flapping, feathered, avian, free, sky."
3384314832_dffc944152.jpg,3384314832_dffc944152.jpg#2,Brown and white dog jumping over a low rail with a tennis ball in his mouth .,Brown and white dog jumping over a low rail with a tennis ball in his mouth
3384314832_dffc944152.jpg,3474406285_01f3d24b71.jpg#2,A brown dog jumps over an obstacle .,A brown dog jumps over an obstacle
3452127051_fa54a902b3.jpg,3474406285_01f3d24b71.jpg#2,A brown dog jumps over an obstacle .,A brown dog jumps over an obstacle
3384314832_dffc944152.jpg,3514019869_7de4ece2a5.jpg#2,A dog jumps over an obstacle .,"A dog jumps over an obstacle, athletic, energetic, agile, determined, exercise, outdoor, training."
3452127051_fa54a902b3.jpg,3514019869_7de4ece2a5.jpg#2,A dog jumps over an obstacle .,"A dog jumps over an obstacle, athletic, energetic, agile, determined, exercise, outdoor, training."
3474406285_01f3d24b71.jpg,3514019869_7de4ece2a5.jpg#2,A dog jumps over an obstacle .,"A dog jumps over an obstacle, athletic, energetic, agile, determined, exercise, outdoor, training."
3514019869_7de4ece2a5.jpg,3514019869_7de4ece2a5.jpg#2,A dog jumps over an obstacle .,"A dog jumps over an obstacle, athletic, energetic, agile, determined, exercise, outdoor, training."
537559285_29be110134.jpg,3514019869_7de4ece2a5.jpg#2,A dog jumps over an obstacle .,"A dog jumps over an obstacle, athletic, energetic, agile, determined, exercise, outdoor, training."
3388330419_85d72f7cda.jpg,3388330419_85d72f7cda.jpg#2,Two little girls dance on a hardwood floor in the house .,"Two little girls dance on a hardwood floor in the house, joyfully, gracefully, ballet, tutus, playful, happy, family."
339350939_6643bfb270.jpg,339350939_6643bfb270.jpg#2,A dog is running along the beach beside the ocean .,A dog is running along the beach beside the ocean
3472364264_dbde5a8d0a.jpg,339350939_6643bfb270.jpg#2,A dog is running along the beach beside the ocean .,A dog is running along the beach beside the ocean
339350939_6643bfb270.jpg,533483374_86c5d4c13e.jpg#2,a dog on the beach .,a dog on the beach
3472364264_dbde5a8d0a.jpg,533483374_86c5d4c13e.jpg#2,a dog on the beach .,a dog on the beach
3642220260_3aa8a52670.jpg,533483374_86c5d4c13e.jpg#2,a dog on the beach .,a dog on the beach
3399284917_721aefe2a7.jpg,624742559_ff467d8ebc.jpg#2,A child swinging on a playground play set .,"A child swinging on a playground play set, joyfully laughing, carefree, swinging higher, playful, enjoying the sunny day outdoors."
3422458549_f3f3878dbf.jpg,3422458549_f3f3878dbf.jpg#2,A tennis player in orange is striking the ball with her racquet .,"A tennis player in orange is striking the ball with her racquet, athletic, sporty, energetic, competitive, outdoor, tennis court, net."
3425851292_de92a072ee.jpg,3425851292_de92a072ee.jpg#2,A tennis player is carrying a tennis racket .,"A tennis player is carrying a tennis racket, sports equipment, grip, strings, athletic, court, game, practice."
3429956016_3c7e3096c2.jpg,3429956016_3c7e3096c2.jpg#2,A man climbs up a sheer wall of ice .,"A man climbs up a sheer wall of ice, ice-climbing, mountaineer, winter sports, frozen waterfall, extreme sport, gear."
3435035138_af32890a4c.jpg,3435035138_af32890a4c.jpg#2,A shaggy dog runs down a dirt trail in a lush forest .,"A shaggy dog runs down a dirt trail in a lush forest, nature, adventure, explorer, trees, foliage, companion, furry."
3436063693_15c8d377a2.jpg,3004823335_9b82cbd8a7.jpg#2,"A dog in a grassy field , looking up .","A dog in a grassy field , looking up"
3458559770_12cf9f134e.jpg,2902269566_419d9f1d8e.jpg#2,Man on a dirt bike,"Man on a dirt bike, motocross, speeding, daring, adrenaline, off-road, nature."
3609032038_005c789f64.jpg,2902269566_419d9f1d8e.jpg#2,Man on a dirt bike,"Man on a dirt bike, motocross, speeding, daring, adrenaline, off-road, nature."
3458559770_12cf9f134e.jpg,3316725440_9ccd9b5417.jpg#2,A man rides a bike through a course .,"A man rides a bike through a course, cycling, pedals, handlebars, tires, outdoor, fitness, sports."
3467219837_7d62213dec.jpg,3217187564_0ffd89dec1.jpg#2,Several dogs wearing muzzles are racing on a track .,"Several dogs wearing muzzles are racing on a track, fast-paced, competitive, trained, canine athletes, greyhounds, professional racers."
3470951932_27ed74eb0b.jpg,3470951932_27ed74eb0b.jpg#2,A boy runs to a baseball base .,"A boy runs to a baseball base, athlete, game, sport, exercise, competition, field."
3472364264_dbde5a8d0a.jpg,3472364264_dbde5a8d0a.jpg#2,a large dog runs on the beach with something hanging out of its mouth .,a large dog runs on the beach with something hanging out of its mouth
3484832904_08619300d9.jpg,3484832904_08619300d9.jpg#2,A girl playing softball takes a strike .,"A girl playing softball takes a strike, sports, athletics, leisure, recreation, bat, glove, uniform, team, field."
3507076266_8b17993fbb.jpg,3507076266_8b17993fbb.jpg#2,Man in brown jacket leading black horse,"Man in brown jacket leading black horse, equestrian, equine, domesticated, animal, obedient, ranch."
3514179514_cbc3371b92.jpg,3514179514_cbc3371b92.jpg#2,A baseman tries to catch a ball while a runner tries to make the base in a community game .,"A baseman tries to catch a ball while a runner tries to make the base in a community game, baseball, sports, teamwork, competition, recreational activity, diamond-shaped field."
3518126579_e70e0cbb2b.jpg,3518126579_e70e0cbb2b.jpg#2,A young man attempts to ride a unicycle down an outdoor stairway stained with moss .,"A young man attempts to ride a unicycle down an outdoor stairway stained with moss, balancing, circus performer, risky, outdoor adventure, greenery, urban setting."
3523874798_9ba2fa46e3.jpg,3702436188_2c26192fd0.jpg#2,A person on a skateboard .,"A person on a skateboard, riding, skating, outdoor, sport, wheels, balance."
3541474181_489f19fae7.jpg,3182121297_38c99b2769.jpg#2,Person snowboarding at a ski slope .,"Person snowboarding at a ski slope, white snow, mountains, cold weather, winter sports, adrenaline rush, sliding on snow."
3544793763_b38546a5e8.jpg,3544793763_b38546a5e8.jpg#2,A man wearing black boxing shorts and white boxing gloves and a man in white boxing shorts and white boxing gloves are fighting in the ring .,"A man wearing black boxing shorts and white boxing gloves and a man in white boxing shorts and white boxing gloves are fighting in the ring, boxing match, physical endurance, athleticism, combat, sportsmanship, audience, referee, boxing ring ropes."
3545586120_283d728a97.jpg,3544793763_b38546a5e8.jpg#2,A man wearing black boxing shorts and white boxing gloves and a man in white boxing shorts and white boxing gloves are fighting in the ring .,"A man wearing black boxing shorts and white boxing gloves and a man in white boxing shorts and white boxing gloves are fighting in the ring, boxing match, physical endurance, athleticism, combat, sportsmanship, audience, referee, boxing ring ropes."
3544793763_b38546a5e8.jpg,3545586120_283d728a97.jpg#2,Two boxers with white gloves are fighting .,"Two boxers with white gloves are fighting, sparring, throwing punches, athletic, competitive, intense, boxing ring, sweat."
3549583146_3e8bb2f7e9.jpg,3549583146_3e8bb2f7e9.jpg#2,A young boy is riding a bike .,"A young boy is riding a bike, cycling, outdoors, helmet, exercise, pavement, wheels, handlebars."
3571147934_d1c8af1d6e.jpg,3571147934_d1c8af1d6e.jpg#2,Kids are waiting at the bottom of a staircase attached to a brick building .,"Kids are waiting at the bottom of a staircase attached to a brick building, eager, playful, energetic, happy, vibrant, urban, school."
3584930205_a3f58a4b7c.jpg,3141293960_74459f0a24.jpg#2,A skateboarder is performing a trick in the air .,"A skateboarder is performing a trick in the air, skateboard, extreme sports, athlete, urban, street, daring."
3585598356_8ce815bbb9.jpg,3585598356_8ce815bbb9.jpg#2,two woman are showing different facial expressions and wearing gold and purple costumes .,two woman are showing different facial expressions and wearing gold and purple costumes
3589367895_5d3729e3ea.jpg,3589367895_5d3729e3ea.jpg#2,An Indian chief in full dress .,"An Indian chief in full dress, headdress, feathers, traditional, culture, regalia, ceremonial, vibrant, majestic."
3591458156_f1a9a33918.jpg,3591458156_f1a9a33918.jpg#2,A man at a rodeo is thrown off a horse .,"A man at a rodeo is thrown off a horse, cowboy, equestrian, bull riding, rough and tumble, adrenaline, excitement, danger."
3591462960_86045906bd.jpg,3591462960_86045906bd.jpg#2,A rodeo rider gets tossed up into the air by a black bull as fellow cowboys look on .,A rodeo rider gets tossed up into the air by a black bull as fellow cowboys look on
3593392955_a4125087f6.jpg,3593392955_a4125087f6.jpg#2,Two dogs run down a dirt path in the forest .,"Two dogs run down a dirt path in the forest, playful, energetic, four-legged, companions, trail, trees, nature."
3596131692_91b8a05606.jpg,3596131692_91b8a05606.jpg#2,Three children in neon colors play soccer while young man watches,"Three children in neon colors play soccer while young man watches, football, sport, active, outdoor, grassy field, cheering."
359837950_9e22ffe6c2.jpg,359837950_9e22ffe6c2.jpg#2,A black dog walking along a rocky terrain .,"A black dog walking along a rocky terrain, four-legged, furry, energetic, exploring, adventurous, mountainous, wilderness."
3601843201_4809e66909.jpg,2739331794_4ae78f69a0.jpg#2,A motorcyclist races around a track .,"A motorcyclist races around a track, speed, adrenaline, helmet, tires, twisting, curves, competition, sport."
3613955682_3860e116cf.jpg,3613955682_3860e116cf.jpg#2,A soccer team wearing red posing together .,"A soccer team wearing red posing together, football, sports, athletic, players, competitive, team spirit, unity."
3627011534_485f667b10.jpg,3627011534_485f667b10.jpg#2,A young girl is wearing a purple shirt and pink headband .,"A young girl is wearing a purple shirt and pink headband, adorable, happy, cheerful, fashionable, charming, cute, vibrant, stylish."
3655074079_7df3812bc5.jpg,3655074079_7df3812bc5.jpg#2,A naked woman wearing body paint riding a bicycle .,"A naked woman wearing body paint riding a bicycle, artistic, colorful, exhibition, unconventional, public, bold, free-spirited, edgy."
3655155990_b0e201dd3c.jpg,3655155990_b0e201dd3c.jpg#2,Two furry beige dogs playing in ocean surf .,"Two furry beige dogs playing in ocean surf, splashing water, wet fur, energetic, happy, sandy beach, wagging tails, animal companions."
3685328542_ab999b83bb.jpg,3685328542_ab999b83bb.jpg#2,A man in a green and silver Mardi Gras costume in a parade .,"A man in a green and silver Mardi Gras costume in a parade, festive, colorful, flamboyant, mask, feathers, celebration, crowd."
3686924335_3c51e8834a.jpg,3720366614_dfa8fe1088.jpg#2,The dog is jumping up beside a red wall .,"The dog is jumping up beside a red wall, energetic, playful, furry, four-legged, canine, brick, vibrant."
3708177171_529bb4ff1d.jpg,3708177171_529bb4ff1d.jpg#2,A skateboarder is performing a jump from a wooden bench .,"A skateboarder is performing a jump from a wooden bench, skateboarding, trick, thrill-seeking, adrenaline, urban, park, hobby, athlete."
3718964174_cb2dc1615e.jpg,3718964174_cb2dc1615e.jpg#2,A woman is wearing a blue headscarf and a blue sweater .,"A woman is wearing a blue headscarf and a blue sweater, fashionable, stylish, hijab, winter attire, cozy, casual."
384577800_fc325af410.jpg,317488612_70ac35493b.jpg#2,A dog runs through the deep snow .,"A dog runs through the deep snow, white, fluffy, powder, paws, sprinting, winter, cold."
421730441_6b2267fd31.jpg,421730441_6b2267fd31.jpg#2,A man standing in front of a brick building .,"A man standing in front of a brick building, urban, cityscape, architecture, businessman, professional, high-rise."
448658518_eec0b648a6.jpg,421730441_6b2267fd31.jpg#2,A man standing in front of a brick building .,"A man standing in front of a brick building, urban, cityscape, architecture, businessman, professional, high-rise."
460935487_75b2da7854.jpg,460935487_75b2da7854.jpg#2,A dog is turns back toward the camera near some potted plants .,A dog is turns back toward the camera near some potted plants
470373679_98dceb19e7.jpg,470373679_98dceb19e7.jpg#2,People look out the window at mountains .,"People look out the window at mountains, scenic, snow-capped, panoramic, breathtaking, majestic, natural beauty, landscape."
480505313_2dc686e5db.jpg,480505313_2dc686e5db.jpg#2,An older couple posing in front of a fountain for a picture,"An older couple posing in front of a fountain for a picture, senior citizens, happy, smiling, tourists, landmark, water feature, public space."
494792770_2c5f767ac0.jpg,2862004252_53894bb28b.jpg#2,A brown and tan dog walks through the green grass .,"A brown and tan dog walks through the green grass, fluffy, wagging tail, four-legged, domesticated, adorable, playful."
496110746_a93ca191ae.jpg,496110746_a93ca191ae.jpg#2,a young child in a purple shirt hanging upside down on a swing,a young child in a purple shirt hanging upside down on a swing
500446858_125702b296.jpg,500446858_125702b296.jpg#2,A white dog is running on gravel away from two people and a black and brown dog .,"A white dog is running on gravel away from two people and a black and brown dog, sprinting, energetic, happy, playful, outdoor activity, pets, companions."
505929313_7668f021ab.jpg,1392272228_cf104086e6.jpg#2,A black dog is coming out of the ocean water on the beach with something in its mouth .,A black dog is coming out of the ocean water on the beach with something in its mouth
505929313_7668f021ab.jpg,505929313_7668f021ab.jpg#2,A black dog standing in shallow water with a pink ball in its mouth .,"A black dog standing in shallow water with a pink ball in its mouth, wet fur, playful, joyful, energetic, fetching, outdoor activity, summer day."
524282699_71e678a6bd.jpg,2589241160_3832440850.jpg#2,Two dogs are running towards each other on a beach .,"Two dogs are running towards each other on a beach, sandy, playful, happy, furry, energetic, canine, coastal, sunny."
533979933_a95b03323b.jpg,533979933_a95b03323b.jpg#2,A boy is on the beach with a paddle in his hand as he walks through the ocean water .,"A boy is on the beach with a paddle in his hand as he walks through the ocean water, beachcombing, waterfront, recreational, sandy, seaboard, surfboard."
539751252_2bd88c456b.jpg,539751252_2bd88c456b.jpg#2,Child in blue trunks splashing in blue kiddie pool,"Child in blue trunks splashing in blue kiddie pool, water splashing, summer fun, pool party, outdoor activity, recreation, happy kid."
583174725_6b522b621f.jpg,583174725_6b522b621f.jpg#2,A little girl jumps rope through a parking lot,"A little girl jumps rope through a parking lot, playground, exercise, outdoor, pavement, skipping, happy."
670609997_5c7fdb3f0b.jpg,670609997_5c7fdb3f0b.jpg#2,A black dog jumps for a Frisbee in a backyard with a white fence .,"A black dog jumps for a Frisbee in a backyard with a white fence, playful, energetic, agile, four-legged, furry, domesticated, outdoors."
745880539_cd3f948837.jpg,745880539_cd3f948837.jpg#2,A small dog in front of a yellow tube on grass .,"A small dog in front of a yellow tube on grass, playful, energetic, canine, outdoor, sunny, recreational, agility training."
758921886_55a351dd67.jpg,542317719_ed4dd95dc2.jpg#2,A smiling child slides down a slippery tube slide,A smiling child slides down a slippery tube slide
758921886_55a351dd67.jpg,758921886_55a351dd67.jpg#2,A little girl is sliding down a tunnel smiling .,A little girl is sliding down a tunnel smiling
801607443_f15956d1ce.jpg,801607443_f15956d1ce.jpg#2,Two people climb a rock overhanging water .,"Two people climb a rock overhanging water, rock-climbing, adventure, courage, daring, thrill, adrenaline, nature, outdoors, scenery, risky."
925491651_57df3a5b36.jpg,925491651_57df3a5b36.jpg#2,A tan dog jumps into water .,"A tan dog jumps into water, swimming, splashing, wet, energetic, fun, summer."
